{"cameraMode":{"drawMode":0,"name":"Shaded","section":"Shading Mode"},"sceneLighting":true,"audioPlay":false,"sceneViewState":{"showFog":true,"showMaterialUpdate":false,"showSkybox":true,"showFlares":true,"showImageEffects":true,"showParticleSystems":true},"in2DMode":false,"pivot":{"x":-0.30547332763671877,"y":1.5628490447998047,"z":-0.7668056488037109},"rotation":{"x":-0.08185651153326035,"y":0.9097201228141785,"z":-0.2157028317451477,"w":-0.34522730112075808},"size":9.383576393127442,"orthographic":false}